"Name","HASH","CRC","Size","Encoding","Published","Filename","State"
"animals/info/en","56168c8e98442cbf80b1d9c9b5ad65da","4260155486","3249734","","True","53776b446da58b4d17c6a33680a6ccd2","ADDED"
"animals/info/jp","bbf00da981d0d5ad0354797eea17948b","1206577461","2273456","","True","66b619b4944226399f3be0e8b3bf3e57","ADDED"
"animals/info/vn","bb0a8a12e7f28dce782c4c96ea389a37","1539542001","7650368","","True","eb7a3e9a8096e58871607cdde3c722d2","ADDED"
"animals/model","67b4ce50cd11e422f59c8905d6f47ce9","4235086808","44002104","","True","43ca3e6a0f07405eac2aaab82cf606fb","ADDED"
"animals/name/cn","5c6f4205ee747c77d86e2747c28b2e83","3750010904","61413","","True","3b853de400b413710629a64c37b5bbbe","ADDED"
"animals/name/en","75c6c016002dadbe5992e5c63b9c391c","3618936484","177876","","True","93c98b11a956aa611b2d67d169aa51c0","ADDED"
"animals/name/jp","d33e7a39aa2aa0cf36ec47e2ea51fd24","1143510792","388512","","True","328201e3fdbec2ccafe6dc3de82bec19","ADDED"
"animals/name/vn","d5b3f85ab8c5946257c93862b3d63e16","2569098166","363823","","True","be265a22f992e977067edaaf437972c2","ADDED"
"animals/noise","e0463463d3e22ef1bb3e3b88e524b653","2543852079","560046","","True","62de4f201e629cb5dfd6dd27907143bf","ADDED"
"encrypted/tanks/models","2c54e8280bd605d3e09ca54059c2e643","2941468966","413389","","True","88cdf541abea23bd2c94615cc731aa84","ADDED"
"maps/variants/assets.hd","a4bb58f2b42ee2626d06600560d23002","1357202854","265733","","True","5d883da0ba248b7282ef7e3f52085c90","ADDED"
"maps/variants/assets.sd","63fa873373d91dc69f4a37fdb40a574f","1817857276","29099","","True","e3e5c73b79f09defe308aba673fce4aa","ADDED"

"Total Size","Updated Size","Deleted Size"
"56.68216 MB","56.68216 MB","0 MB"
