"Name","HASH","CRC","Size","Encoding","Published","Filename","State"
"animals/info/en","24061b4ede09bc4864c48acbbf719895","2116941520","3249733","","True","6faae806377aa808a44185abc41b21f0","ADDED"
"animals/info/jp","9613a349c769f85ccd287f546fc9d2e6","547580387","2273455","","True","9ed2e1a6660d5c97b09c142f200af8db","ADDED"
"animals/info/vn","9ee4468474e856d18e74ad9364340bcd","238980613","7650368","","True","e390c695592fe45e12283cdc7f1f57c9","ADDED"
"animals/model","acffdca68cb835cc15e1f5030b0593ae","3554741413","28291950","","True","4db93e44f4f61b5d4a3206ab76757b10","ADDED"
"animals/name/cn","414cdb25a506e0b7216b73c0d959ce69","2577951705","61412","","True","29a950e16d3fa70b19363d9c0011131b","ADDED"
"animals/name/en","e85d99aec510df61fd41f0bd6b4347e0","1780874284","177876","","True","0225caa5172cab11c9048437e42f9c8b","ADDED"
"animals/name/jp","40700d5036b2d47871bbd9f71371e734","3841857281","388511","","True","2541bbecb645b8b7d7bab746a9a9eb45","ADDED"
"animals/name/vn","043dbe763a1826e3ed8a535e77890631","3812747122","363822","","True","cb5c7ba74657b5b5cf90976eae171c90","ADDED"
"animals/noise","7cb6d7dbf24e95d3089ddaf587b22531","927410889","560045","","True","ac249d138789c6fdca6db0ffb34df71b","ADDED"
"encrypted/tanks/models","d724cf02cc38deb07db9e0ec18dc2847","982307246","444085","","True","2f72e5022daa4f59a51c2502ab073971","ADDED"
"maps/variants/assets.hd","5752c9a332011ccc103eff411aa99d86","2243874857","282480","","True","a87fd8bc5efc460ba416b6beb254367a","ADDED"
"maps/variants/assets.sd","f319a17bb7a9e1e45888083ffce0d0e4","2688355605","31003","","True","aa33746cdf67ae2ca773d3c5fd156675","ADDED"

"Total Size","Updated Size","Deleted Size"
"41.74685 MB","41.74685 MB","0 MB"
